title,description,cost,created_at,updated_at,productTypeId,productBrandId
in,In hac habitasse platea dictumst. Etiam faucibus cursus urna. Ut tellus.,6106,2020-04-25 12:23:17,2020-07-28 13:15:01,8,87
commodo,"Curabitur in libero ut massa volutpat convallis. Morbi odio odio, elementum eu, interdum eu, tincidunt in, leo. Maecenas pulvinar lobortis est.",8182,2021-04-14 09:06:07,2020-05-07 14:22:36,2,27
mi,"In sagittis dui vel nisl. Duis ac nibh. Fusce lacus purus, aliquet at, feugiat non, pretium quis, lectus. Suspendisse potenti.",3087,2021-02-14 19:31:00,2021-03-19 18:27:21,2,36
pede ullamcorper augue,Integer ac neque.,2943,2020-09-12 07:01:20,2020-06-30 05:24:27,15,12
magna at nunc,Phasellus sit amet erat.,5772,2020-08-07 19:22:37,2021-04-17 18:51:17,11,32
ac,"Lorem ipsum dolor sit amet, consectetuer adipiscing elit. Proin interdum mauris non ligula pellentesque ultrices. Phasellus id sapien in sapien iaculis congue. Vivamus metus arcu, adipiscing molestie, hendrerit at, vulputate vitae, nisl. Aenean lectus.",11847,2021-03-13 13:54:13,2020-07-05 06:16:21,2,46
erat curabitur,"In tempor, turpis nec euismod scelerisque, quam turpis adipiscing lorem, vitae mattis nibh ligula nec sem. Duis aliquam convallis nunc.",1818,2021-01-20 04:22:36,2021-03-19 18:06:08,3,22
nullam sit,Maecenas pulvinar lobortis est. Phasellus sit amet erat. Nulla tempus. Vivamus in felis eu sapien cursus vestibulum. Proin eu mi.,12197,2020-10-25 19:50:00,2020-10-01 21:10:10,13,60
duis ac nibh,Etiam vel augue. Vestibulum rutrum rutrum neque. Aenean auctor gravida sem. Praesent id massa id nisl venenatis lacinia.,3188,2021-03-15 21:09:47,2020-10-12 18:28:07,3,78
vivamus vel nulla,Aliquam non mauris. Morbi non lectus. Aliquam sit amet diam in magna bibendum imperdiet.,7491,2020-07-09 08:18:23,2020-09-05 22:56:00,9,62
orci luctus,Integer ac leo. Pellentesque ultrices mattis odio. Donec vitae nisi.,9177,2020-09-02 23:59:29,2021-04-06 01:39:47,7,10
curae,Donec semper sapien a libero.,14815,2021-01-04 08:52:32,2020-12-27 02:35:12,9,85
tempus,Nulla mollis molestie lorem. Quisque ut erat. Curabitur gravida nisi at nibh. In hac habitasse platea dictumst.,14514,2020-12-23 17:07:09,2020-09-01 02:59:17,12,39
lobortis convallis,"Quisque arcu libero, rutrum ac, lobortis vel, dapibus at, diam.",5935,2020-04-26 17:11:46,2020-07-19 16:48:54,10,57
turpis integer,Nulla tempus.,11149,2020-09-08 10:48:55,2020-09-15 23:05:13,1,58
pulvinar nulla pede,Duis aliquam convallis nunc. Proin at turpis a pede posuere nonummy. Integer non velit.,4374,2020-05-11 08:48:44,2020-10-08 15:51:33,4,7
lacus morbi quis,Nulla ut erat id mauris vulputate elementum. Nullam varius. Nulla facilisi.,2410,2021-04-04 00:30:53,2020-08-04 08:53:05,2,9
nulla sed vel,"Morbi odio odio, elementum eu, interdum eu, tincidunt in, leo. Maecenas pulvinar lobortis est. Phasellus sit amet erat.",4010,2020-07-14 12:14:58,2021-03-02 19:33:01,10,44
lorem vitae,Aliquam quis turpis eget elit sodales scelerisque. Mauris sit amet eros. Suspendisse accumsan tortor quis turpis.,9860,2021-03-23 17:35:31,2020-09-23 06:13:53,10,5
a libero nam,Sed accumsan felis. Ut at dolor quis odio consequat varius. Integer ac leo.,2318,2021-04-10 01:19:59,2021-01-28 10:57:12,6,9
platea,"Morbi sem mauris, laoreet ut, rhoncus aliquet, pulvinar sed, nisl. Nunc rhoncus dui vel sem. Sed sagittis. Nam congue, risus semper porta volutpat, quam pede lobortis ligula, sit amet eleifend pede libero quis orci. Nullam molestie nibh in lectus.",2699,2020-06-17 10:33:03,2021-01-02 13:56:34,14,86
in lectus,"Quisque erat eros, viverra eget, congue eget, semper rutrum, nulla.",8436,2020-07-11 18:18:52,2020-07-17 07:54:54,3,73
ultrices,"In sagittis dui vel nisl. Duis ac nibh. Fusce lacus purus, aliquet at, feugiat non, pretium quis, lectus. Suspendisse potenti.",5168,2021-03-02 10:45:24,2020-09-25 17:57:11,3,51
morbi vestibulum velit,Duis aliquam convallis nunc.,4790,2021-03-02 13:19:46,2021-04-05 08:58:45,5,29
sapien varius,"Maecenas tristique, est et tempus semper, est quam pharetra magna, ac consequat metus sapien ut nunc.",14670,2021-01-14 02:10:11,2020-10-09 05:47:52,2,20
pellentesque,Donec quis orci eget orci vehicula condimentum.,13037,2020-10-10 07:37:35,2020-10-19 02:31:43,13,60
mus vivamus,"Integer aliquet, massa id lobortis convallis, tortor risus dapibus augue, vel accumsan tellus nisi eu orci.",14091,2021-03-25 17:11:07,2021-02-05 03:09:28,9,7
vestibulum proin eu,In congue. Etiam justo. Etiam pretium iaculis justo. In hac habitasse platea dictumst. Etiam faucibus cursus urna.,14757,2020-09-01 10:18:59,2020-07-06 00:34:09,6,6
id ornare,"Nulla ac enim. In tempor, turpis nec euismod scelerisque, quam turpis adipiscing lorem, vitae mattis nibh ligula nec sem. Duis aliquam convallis nunc. Proin at turpis a pede posuere nonummy.",5611,2020-08-16 23:58:57,2021-04-13 19:49:50,6,68
est,"Cum sociis natoque penatibus et magnis dis parturient montes, nascetur ridiculus mus.",12007,2020-07-30 05:51:32,2020-11-28 10:28:28,10,78
nullam porttitor lacus,Suspendisse potenti. Nullam porttitor lacus at turpis. Donec posuere metus vitae ipsum.,12875,2020-08-17 07:23:51,2020-05-15 05:33:12,9,24
maecenas,Nulla ac enim.,2297,2020-08-15 02:45:25,2020-05-21 21:56:26,8,6
phasellus,Quisque porta volutpat erat.,8625,2020-09-13 04:09:26,2020-08-06 07:29:31,5,60
donec posuere metus,Nulla justo.,13129,2020-06-23 15:25:35,2020-10-23 19:44:21,2,48
dictumst morbi vestibulum,Nunc purus. Phasellus in felis. Donec semper sapien a libero.,8816,2020-12-11 22:24:31,2020-09-01 15:19:53,3,86
odio,Sed ante. Vivamus tortor. Duis mattis egestas metus.,7824,2021-04-12 10:47:59,2020-07-03 04:11:48,9,12
integer ac neque,Nulla mollis molestie lorem. Quisque ut erat. Curabitur gravida nisi at nibh. In hac habitasse platea dictumst.,8310,2020-10-16 09:05:07,2020-06-11 11:52:56,2,42
volutpat erat quisque,Maecenas pulvinar lobortis est. Phasellus sit amet erat.,3419,2020-09-07 13:09:50,2020-11-24 10:01:07,1,1
eu tincidunt,"Aliquam augue quam, sollicitudin vitae, consectetuer eget, rutrum at, lorem.",3893,2020-07-19 06:44:06,2020-08-22 06:36:44,8,44
convallis eget,Duis bibendum. Morbi non quam nec dui luctus rutrum. Nulla tellus. In sagittis dui vel nisl. Duis ac nibh.,5341,2021-02-14 12:09:57,2020-11-13 06:49:20,12,52
sed,"Ut at dolor quis odio consequat varius. Integer ac leo. Pellentesque ultrices mattis odio. Donec vitae nisi. Nam ultrices, libero non mattis pulvinar, nulla pede ullamcorper augue, a suscipit nulla elit ac nulla.",8967,2020-04-27 17:41:59,2020-09-08 02:07:04,14,69
quisque erat eros,"Donec odio justo, sollicitudin ut, suscipit a, feugiat et, eros. Vestibulum ac est lacinia nisi venenatis tristique. Fusce congue, diam id ornare imperdiet, sapien urna pretium nisl, ut volutpat sapien arcu sed augue. Aliquam erat volutpat.",13067,2021-04-17 09:37:16,2020-07-22 09:32:48,8,96
eu tincidunt,"Aliquam augue quam, sollicitudin vitae, consectetuer eget, rutrum at, lorem.",14850,2020-10-10 11:11:27,2021-02-22 14:36:39,9,38
augue,Nullam varius. Nulla facilisi. Cras non velit nec nisi vulputate nonummy.,8102,2020-11-12 09:23:19,2020-05-18 07:20:48,3,99
etiam justo,"Fusce posuere felis sed lacus. Morbi sem mauris, laoreet ut, rhoncus aliquet, pulvinar sed, nisl. Nunc rhoncus dui vel sem. Sed sagittis. Nam congue, risus semper porta volutpat, quam pede lobortis ligula, sit amet eleifend pede libero quis orci.",10262,2020-08-24 20:42:07,2020-05-02 09:32:35,7,39
fringilla,Donec semper sapien a libero. Nam dui.,12342,2021-01-31 06:42:11,2020-10-31 15:26:06,8,85
justo aliquam quis,Curabitur convallis.,4423,2020-07-21 21:59:36,2020-04-26 00:28:27,3,38
vestibulum,Nullam molestie nibh in lectus.,5847,2021-02-15 03:36:47,2021-02-15 05:55:43,1,37
pretium,Nulla mollis molestie lorem.,11891,2021-01-03 08:22:13,2020-10-28 20:27:59,13,64
leo,"Nam ultrices, libero non mattis pulvinar, nulla pede ullamcorper augue, a suscipit nulla elit ac nulla. Sed vel enim sit amet nunc viverra dapibus.",4856,2021-03-10 01:37:16,2020-09-12 03:52:45,11,18
vel sem,Phasellus in felis. Donec semper sapien a libero. Nam dui.,9314,2020-05-17 22:17:19,2020-08-15 09:08:55,8,50
ante vivamus tortor,Vestibulum ac est lacinia nisi venenatis tristique.,10313,2020-06-15 16:43:38,2020-07-21 08:22:24,7,18
curae duis,"Phasellus id sapien in sapien iaculis congue. Vivamus metus arcu, adipiscing molestie, hendrerit at, vulputate vitae, nisl. Aenean lectus. Pellentesque eget nunc.",5763,2020-07-13 07:30:09,2020-12-31 17:50:41,4,14
proin at turpis,"Nam congue, risus semper porta volutpat, quam pede lobortis ligula, sit amet eleifend pede libero quis orci. Nullam molestie nibh in lectus.",6285,2020-07-25 02:33:24,2020-10-13 12:36:18,2,69
risus dapibus,"Suspendisse potenti. Cras in purus eu magna vulputate luctus. Cum sociis natoque penatibus et magnis dis parturient montes, nascetur ridiculus mus. Vivamus vestibulum sagittis sapien.",11500,2021-01-07 08:22:14,2020-09-07 15:21:28,2,4
quisque porta,"Aliquam non mauris. Morbi non lectus. Aliquam sit amet diam in magna bibendum imperdiet. Nullam orci pede, venenatis non, sodales sed, tincidunt eu, felis. Fusce posuere felis sed lacus.",6565,2020-10-26 08:28:58,2020-06-30 20:06:50,13,52
ultrices posuere,Nunc purus.,6514,2020-08-24 03:29:35,2020-10-02 07:11:22,6,94
non quam,Aliquam quis turpis eget elit sodales scelerisque. Mauris sit amet eros. Suspendisse accumsan tortor quis turpis. Sed ante. Vivamus tortor.,10121,2021-03-11 22:17:37,2021-03-13 22:56:50,7,58
suspendisse,Ut tellus.,5863,2020-12-27 10:24:04,2020-12-05 02:23:28,10,34
elementum pellentesque quisque,Ut at dolor quis odio consequat varius. Integer ac leo. Pellentesque ultrices mattis odio.,13496,2020-11-02 06:33:27,2021-04-05 03:55:37,13,62
consectetuer adipiscing,"Donec odio justo, sollicitudin ut, suscipit a, feugiat et, eros. Vestibulum ac est lacinia nisi venenatis tristique. Fusce congue, diam id ornare imperdiet, sapien urna pretium nisl, ut volutpat sapien arcu sed augue.",3679,2020-12-29 00:30:29,2020-05-25 16:20:57,8,55
nisl aenean lectus,"Donec posuere metus vitae ipsum. Aliquam non mauris. Morbi non lectus. Aliquam sit amet diam in magna bibendum imperdiet. Nullam orci pede, venenatis non, sodales sed, tincidunt eu, felis.",4374,2020-06-26 21:12:45,2021-04-17 09:53:37,14,99
volutpat dui maecenas,Quisque id justo sit amet sapien dignissim vestibulum.,3895,2020-07-01 11:10:36,2020-11-12 17:12:59,9,95
porta volutpat quam,"Lorem ipsum dolor sit amet, consectetuer adipiscing elit. Proin risus. Praesent lectus.",3830,2020-11-06 21:30:34,2020-09-24 22:34:53,1,46
elementum in hac,Nulla tellus.,9390,2021-01-30 19:29:25,2020-06-10 12:21:15,2,56
sed justo,Sed ante. Vivamus tortor.,14419,2020-08-25 06:21:51,2020-12-15 23:53:43,8,60
congue,"Donec ut dolor. Morbi vel lectus in quam fringilla rhoncus. Mauris enim leo, rhoncus sed, vestibulum sit amet, cursus id, turpis. Integer aliquet, massa id lobortis convallis, tortor risus dapibus augue, vel accumsan tellus nisi eu orci.",4723,2020-08-09 08:23:27,2020-12-18 20:34:31,12,57
adipiscing,"Proin interdum mauris non ligula pellentesque ultrices. Phasellus id sapien in sapien iaculis congue. Vivamus metus arcu, adipiscing molestie, hendrerit at, vulputate vitae, nisl.",5364,2020-11-17 20:37:31,2021-02-13 19:32:34,1,50
lectus,"In hac habitasse platea dictumst. Aliquam augue quam, sollicitudin vitae, consectetuer eget, rutrum at, lorem.",10591,2020-11-21 22:25:28,2020-08-06 01:40:12,8,27
donec dapibus duis,"Cras pellentesque volutpat dui. Maecenas tristique, est et tempus semper, est quam pharetra magna, ac consequat metus sapien ut nunc. Vestibulum ante ipsum primis in faucibus orci luctus et ultrices posuere cubilia Curae; Mauris viverra diam vitae quam.",4938,2020-05-27 00:30:26,2020-08-14 13:04:27,11,31
elementum pellentesque quisque,Phasellus id sapien in sapien iaculis congue.,4402,2021-01-19 16:43:41,2021-01-17 03:28:08,12,45
ut suscipit a,Morbi a ipsum. Integer a nibh. In quis justo. Maecenas rhoncus aliquam lacus. Morbi quis tortor id nulla ultrices aliquet.,10851,2020-08-23 18:26:29,2021-03-17 16:49:14,7,25
sodales,"Aliquam sit amet diam in magna bibendum imperdiet. Nullam orci pede, venenatis non, sodales sed, tincidunt eu, felis. Fusce posuere felis sed lacus. Morbi sem mauris, laoreet ut, rhoncus aliquet, pulvinar sed, nisl. Nunc rhoncus dui vel sem.",13894,2021-02-09 23:18:08,2020-10-24 07:08:37,12,31
id,"Proin leo odio, porttitor id, consequat in, consequat ut, nulla. Sed accumsan felis. Ut at dolor quis odio consequat varius. Integer ac leo. Pellentesque ultrices mattis odio.",7009,2020-08-06 21:57:07,2021-04-05 22:07:14,5,22
dolor vel,In blandit ultrices enim.,13993,2020-10-05 19:35:24,2020-09-24 11:03:05,11,23
orci,"Vestibulum ante ipsum primis in faucibus orci luctus et ultrices posuere cubilia Curae; Donec pharetra, magna vestibulum aliquet ultrices, erat tortor sollicitudin mi, sit amet lobortis sapien sapien non mi. Integer ac neque. Duis bibendum. Morbi non quam nec dui luctus rutrum.",13784,2020-12-16 10:43:37,2021-02-11 03:25:32,1,41
primis,Sed ante. Vivamus tortor. Duis mattis egestas metus.,9633,2021-03-27 03:36:20,2020-12-31 03:45:56,2,56
ante,Nulla justo. Aliquam quis turpis eget elit sodales scelerisque.,4643,2020-09-18 04:59:40,2020-12-02 11:28:43,15,93
ligula,Donec dapibus. Duis at velit eu est congue elementum.,2811,2020-07-01 13:54:02,2020-06-02 13:19:12,9,39
nulla,"In blandit ultrices enim. Lorem ipsum dolor sit amet, consectetuer adipiscing elit. Proin interdum mauris non ligula pellentesque ultrices. Phasellus id sapien in sapien iaculis congue. Vivamus metus arcu, adipiscing molestie, hendrerit at, vulputate vitae, nisl.",13313,2021-01-19 11:30:12,2020-08-28 01:17:43,8,41
augue luctus tincidunt,Aliquam quis turpis eget elit sodales scelerisque. Mauris sit amet eros. Suspendisse accumsan tortor quis turpis. Sed ante.,2148,2021-03-26 18:21:29,2020-06-13 20:39:50,12,77
blandit,Curabitur at ipsum ac tellus semper interdum.,10410,2021-03-17 01:32:29,2020-11-04 19:30:14,6,23
eu felis fusce,"Fusce posuere felis sed lacus. Morbi sem mauris, laoreet ut, rhoncus aliquet, pulvinar sed, nisl.",12656,2020-06-18 06:26:10,2020-08-09 04:00:49,4,83
odio,Fusce consequat.,1952,2020-12-18 19:33:27,2021-02-09 03:39:59,5,16
tellus nisi eu,Morbi non quam nec dui luctus rutrum. Nulla tellus. In sagittis dui vel nisl. Duis ac nibh.,13883,2021-04-11 06:53:31,2020-05-09 23:31:37,15,20
id,Phasellus id sapien in sapien iaculis congue.,7817,2020-10-15 21:00:36,2020-12-04 20:33:24,13,86
pellentesque,"Nam dui. Proin leo odio, porttitor id, consequat in, consequat ut, nulla.",10706,2020-09-10 14:18:16,2020-10-25 22:49:08,14,20
turpis,Nullam porttitor lacus at turpis. Donec posuere metus vitae ipsum. Aliquam non mauris. Morbi non lectus.,8652,2021-03-11 05:59:46,2020-10-30 00:39:36,10,39
sapien arcu,"Nam dui. Proin leo odio, porttitor id, consequat in, consequat ut, nulla.",5023,2020-06-16 05:20:10,2020-11-18 10:46:08,7,46
quis turpis sed,Suspendisse ornare consequat lectus.,9099,2020-05-13 17:48:04,2020-11-23 11:55:10,4,87
vel,Curabitur convallis. Duis consequat dui nec nisi volutpat eleifend. Donec ut dolor. Morbi vel lectus in quam fringilla rhoncus.,1666,2021-01-18 04:50:32,2020-09-05 04:02:01,10,97
sit amet,"Duis consequat dui nec nisi volutpat eleifend. Donec ut dolor. Morbi vel lectus in quam fringilla rhoncus. Mauris enim leo, rhoncus sed, vestibulum sit amet, cursus id, turpis. Integer aliquet, massa id lobortis convallis, tortor risus dapibus augue, vel accumsan tellus nisi eu orci.",5833,2020-10-19 11:35:11,2020-11-28 12:20:32,14,51
in,Duis at velit eu est congue elementum.,2140,2021-01-05 21:12:18,2020-09-10 04:14:05,6,45
neque sapien,Duis aliquam convallis nunc. Proin at turpis a pede posuere nonummy. Integer non velit.,11459,2020-05-09 09:33:19,2020-06-11 23:55:24,2,55
nulla,Integer ac neque. Duis bibendum. Morbi non quam nec dui luctus rutrum. Nulla tellus. In sagittis dui vel nisl.,13437,2020-08-05 09:59:23,2021-03-24 00:41:03,3,43
integer aliquet massa,"Morbi non lectus. Aliquam sit amet diam in magna bibendum imperdiet. Nullam orci pede, venenatis non, sodales sed, tincidunt eu, felis. Fusce posuere felis sed lacus.",6943,2020-12-10 09:51:03,2020-05-15 22:30:22,9,82
imperdiet,Praesent blandit lacinia erat. Vestibulum sed magna at nunc commodo placerat.,6510,2020-06-25 15:36:45,2021-04-11 09:36:39,1,6
lobortis sapien,"Lorem ipsum dolor sit amet, consectetuer adipiscing elit. Proin interdum mauris non ligula pellentesque ultrices. Phasellus id sapien in sapien iaculis congue.",1714,2021-04-07 05:12:30,2020-04-25 19:26:37,3,72
ut massa volutpat,"Curabitur in libero ut massa volutpat convallis. Morbi odio odio, elementum eu, interdum eu, tincidunt in, leo.",13102,2020-10-13 00:35:27,2020-05-27 03:00:54,5,81
orci luctus et,"Morbi sem mauris, laoreet ut, rhoncus aliquet, pulvinar sed, nisl. Nunc rhoncus dui vel sem. Sed sagittis. Nam congue, risus semper porta volutpat, quam pede lobortis ligula, sit amet eleifend pede libero quis orci.",2373,2021-03-29 16:02:46,2021-04-14 19:10:47,5,68
accumsan felis ut,Morbi a ipsum. Integer a nibh. In quis justo. Maecenas rhoncus aliquam lacus. Morbi quis tortor id nulla ultrices aliquet.,11753,2020-11-07 11:36:55,2020-06-02 17:32:15,14,3
convallis,"Sed sagittis. Nam congue, risus semper porta volutpat, quam pede lobortis ligula, sit amet eleifend pede libero quis orci.",4191,2021-04-10 10:48:37,2021-01-25 17:17:43,1,91
non sodales,Morbi a ipsum. Integer a nibh. In quis justo. Maecenas rhoncus aliquam lacus. Morbi quis tortor id nulla ultrices aliquet.,2133,2020-09-05 23:49:49,2020-06-22 12:22:03,3,7
sed interdum,"Morbi sem mauris, laoreet ut, rhoncus aliquet, pulvinar sed, nisl. Nunc rhoncus dui vel sem. Sed sagittis.",11523,2020-07-18 14:21:09,2020-06-07 11:51:57,4,28
potenti cras in,"Nulla neque libero, convallis eget, eleifend luctus, ultricies eu, nibh. Quisque id justo sit amet sapien dignissim vestibulum. Vestibulum ante ipsum primis in faucibus orci luctus et ultrices posuere cubilia Curae; Nulla dapibus dolor vel est.",3077,2020-08-19 02:02:52,2020-12-23 18:36:55,12,55
euismod scelerisque,"Praesent id massa id nisl venenatis lacinia. Aenean sit amet justo. Morbi ut odio. Cras mi pede, malesuada in, imperdiet et, commodo vulputate, justo. In blandit ultrices enim.",2197,2020-07-17 04:36:29,2021-04-08 19:07:39,6,1
ac,"Maecenas leo odio, condimentum id, luctus nec, molestie sed, justo. Pellentesque viverra pede ac diam. Cras pellentesque volutpat dui. Maecenas tristique, est et tempus semper, est quam pharetra magna, ac consequat metus sapien ut nunc.",11437,2020-07-08 19:34:08,2021-02-20 16:08:47,4,9
accumsan felis ut,"Vestibulum ac est lacinia nisi venenatis tristique. Fusce congue, diam id ornare imperdiet, sapien urna pretium nisl, ut volutpat sapien arcu sed augue.",13251,2021-03-29 00:08:23,2020-07-26 19:34:44,2,88
ultrices,"Duis bibendum, felis sed interdum venenatis, turpis enim blandit mi, in porttitor pede justo eu massa. Donec dapibus. Duis at velit eu est congue elementum. In hac habitasse platea dictumst.",2879,2021-03-29 18:23:09,2020-09-29 09:19:03,14,35
dictumst,"Nam ultrices, libero non mattis pulvinar, nulla pede ullamcorper augue, a suscipit nulla elit ac nulla. Sed vel enim sit amet nunc viverra dapibus.",8200,2020-08-28 03:37:30,2020-07-18 17:30:55,7,48
penatibus et,"In sagittis dui vel nisl. Duis ac nibh. Fusce lacus purus, aliquet at, feugiat non, pretium quis, lectus.",11722,2020-10-12 04:18:35,2020-11-01 12:36:28,12,46
molestie,"Integer pede justo, lacinia eget, tincidunt eget, tempus vel, pede. Morbi porttitor lorem id ligula.",7825,2020-10-30 20:56:08,2020-09-15 02:16:49,7,84
iaculis,"Morbi vel lectus in quam fringilla rhoncus. Mauris enim leo, rhoncus sed, vestibulum sit amet, cursus id, turpis. Integer aliquet, massa id lobortis convallis, tortor risus dapibus augue, vel accumsan tellus nisi eu orci.",6989,2021-04-10 22:58:16,2021-02-01 12:46:50,3,63
sed lacus morbi,"Morbi odio odio, elementum eu, interdum eu, tincidunt in, leo. Maecenas pulvinar lobortis est. Phasellus sit amet erat.",14341,2020-12-10 00:30:20,2021-03-16 08:39:17,15,86
quam fringilla rhoncus,"Nunc rhoncus dui vel sem. Sed sagittis. Nam congue, risus semper porta volutpat, quam pede lobortis ligula, sit amet eleifend pede libero quis orci.",3606,2020-06-08 09:53:55,2020-07-01 03:51:21,5,52
aliquam quis turpis,Nulla suscipit ligula in lacus.,9868,2021-03-17 08:29:11,2020-05-30 08:41:03,3,1
vestibulum,"Donec ut dolor. Morbi vel lectus in quam fringilla rhoncus. Mauris enim leo, rhoncus sed, vestibulum sit amet, cursus id, turpis. Integer aliquet, massa id lobortis convallis, tortor risus dapibus augue, vel accumsan tellus nisi eu orci.",8567,2020-08-13 13:51:45,2020-08-13 00:23:43,7,6
risus dapibus augue,"Nulla nisl. Nunc nisl. Duis bibendum, felis sed interdum venenatis, turpis enim blandit mi, in porttitor pede justo eu massa.",9652,2020-09-24 13:09:02,2020-06-08 03:00:43,1,69
donec semper,Sed sagittis.,12367,2020-08-04 02:13:15,2020-05-02 16:38:39,7,21
convallis nulla neque,"Quisque id justo sit amet sapien dignissim vestibulum. Vestibulum ante ipsum primis in faucibus orci luctus et ultrices posuere cubilia Curae; Nulla dapibus dolor vel est. Donec odio justo, sollicitudin ut, suscipit a, feugiat et, eros. Vestibulum ac est lacinia nisi venenatis tristique.",10883,2021-03-19 10:59:27,2020-10-29 04:54:59,11,24
vestibulum eget,"Pellentesque viverra pede ac diam. Cras pellentesque volutpat dui. Maecenas tristique, est et tempus semper, est quam pharetra magna, ac consequat metus sapien ut nunc. Vestibulum ante ipsum primis in faucibus orci luctus et ultrices posuere cubilia Curae; Mauris viverra diam vitae quam. Suspendisse potenti.",7387,2020-09-26 03:59:28,2021-03-15 10:44:39,1,91
enim in tempor,Suspendisse potenti. Nullam porttitor lacus at turpis.,8974,2020-05-05 10:52:33,2021-01-08 14:09:22,2,40
proin eu mi,"Nunc rhoncus dui vel sem. Sed sagittis. Nam congue, risus semper porta volutpat, quam pede lobortis ligula, sit amet eleifend pede libero quis orci. Nullam molestie nibh in lectus. Pellentesque at nulla.",10738,2020-10-04 03:42:00,2021-03-17 22:43:35,2,11
congue,Duis mattis egestas metus.,3216,2021-03-20 03:25:01,2020-05-20 13:10:25,9,58
iaculis,"Sed vel enim sit amet nunc viverra dapibus. Nulla suscipit ligula in lacus. Curabitur at ipsum ac tellus semper interdum. Mauris ullamcorper purus sit amet nulla. Quisque arcu libero, rutrum ac, lobortis vel, dapibus at, diam.",11438,2021-02-12 03:20:14,2020-08-10 12:33:48,6,90
tortor,Curabitur in libero ut massa volutpat convallis.,11160,2020-07-16 06:13:46,2020-09-06 03:37:36,14,10
enim leo rhoncus,Etiam vel augue.,10177,2020-07-16 04:19:08,2021-02-12 21:34:15,13,61
ut,Mauris lacinia sapien quis libero. Nullam sit amet turpis elementum ligula vehicula consequat. Morbi a ipsum. Integer a nibh. In quis justo.,6867,2021-04-02 17:19:57,2020-06-08 18:47:00,13,47
nam dui proin,In sagittis dui vel nisl. Duis ac nibh.,5206,2020-09-07 21:59:02,2020-07-19 20:14:36,2,85
nam,Nulla suscipit ligula in lacus.,13974,2021-02-21 09:06:46,2020-12-23 06:19:35,14,28
quis lectus,"Cras pellentesque volutpat dui. Maecenas tristique, est et tempus semper, est quam pharetra magna, ac consequat metus sapien ut nunc. Vestibulum ante ipsum primis in faucibus orci luctus et ultrices posuere cubilia Curae; Mauris viverra diam vitae quam.",9253,2021-03-10 09:11:08,2021-03-28 22:34:55,3,37
ante vel ipsum,"Vestibulum quam sapien, varius ut, blandit non, interdum in, ante.",7592,2020-07-16 12:09:28,2021-01-26 13:28:14,13,62
praesent lectus vestibulum,Morbi non quam nec dui luctus rutrum. Nulla tellus. In sagittis dui vel nisl. Duis ac nibh.,13739,2021-02-14 23:57:53,2021-01-22 22:21:59,10,85
faucibus,"Nulla ac enim. In tempor, turpis nec euismod scelerisque, quam turpis adipiscing lorem, vitae mattis nibh ligula nec sem.",3870,2021-04-09 04:11:16,2021-01-21 02:00:18,6,97
libero nam,Nunc nisl.,13744,2020-06-12 05:16:56,2021-03-03 00:47:26,4,45
ultrices,In hac habitasse platea dictumst. Maecenas ut massa quis augue luctus tincidunt. Nulla mollis molestie lorem. Quisque ut erat.,9092,2020-12-26 00:53:17,2021-02-11 10:36:29,4,56
leo pellentesque ultrices,"Nulla nisl. Nunc nisl. Duis bibendum, felis sed interdum venenatis, turpis enim blandit mi, in porttitor pede justo eu massa. Donec dapibus. Duis at velit eu est congue elementum.",11454,2020-07-20 14:59:43,2020-07-03 12:16:21,11,41
sit,"Fusce lacus purus, aliquet at, feugiat non, pretium quis, lectus.",2219,2020-12-01 00:21:48,2021-02-18 16:19:36,6,41
neque libero convallis,Phasellus sit amet erat. Nulla tempus.,2487,2021-03-05 19:54:44,2021-01-10 01:54:54,5,23
arcu adipiscing molestie,Morbi non lectus.,2806,2020-07-10 17:04:17,2020-09-02 18:49:48,11,58
nunc donec quis,"Nullam orci pede, venenatis non, sodales sed, tincidunt eu, felis. Fusce posuere felis sed lacus. Morbi sem mauris, laoreet ut, rhoncus aliquet, pulvinar sed, nisl. Nunc rhoncus dui vel sem. Sed sagittis.",12961,2020-07-11 08:35:35,2021-04-09 11:54:05,2,41
at turpis donec,Nulla mollis molestie lorem. Quisque ut erat.,12021,2020-10-04 06:04:46,2020-12-31 00:20:22,14,17
posuere cubilia,Sed vel enim sit amet nunc viverra dapibus. Nulla suscipit ligula in lacus. Curabitur at ipsum ac tellus semper interdum. Mauris ullamcorper purus sit amet nulla.,14265,2021-01-07 22:03:41,2021-02-12 11:06:46,2,27
tortor,"Proin at turpis a pede posuere nonummy. Integer non velit. Donec diam neque, vestibulum eget, vulputate ut, ultrices vel, augue. Vestibulum ante ipsum primis in faucibus orci luctus et ultrices posuere cubilia Curae; Donec pharetra, magna vestibulum aliquet ultrices, erat tortor sollicitudin mi, sit amet lobortis sapien sapien non mi.",8827,2020-11-16 03:04:50,2020-12-09 19:51:13,5,78
mattis,Nullam porttitor lacus at turpis. Donec posuere metus vitae ipsum.,12921,2020-05-13 06:05:27,2020-10-03 21:35:10,7,13
scelerisque mauris,"Cras mi pede, malesuada in, imperdiet et, commodo vulputate, justo. In blandit ultrices enim. Lorem ipsum dolor sit amet, consectetuer adipiscing elit. Proin interdum mauris non ligula pellentesque ultrices. Phasellus id sapien in sapien iaculis congue.",1660,2020-06-19 06:54:32,2020-08-31 18:18:02,12,16
libero nam,Quisque ut erat.,3796,2020-08-14 13:18:46,2020-12-25 19:40:18,13,33
aenean lectus pellentesque,Quisque porta volutpat erat.,1512,2021-02-03 05:40:32,2020-12-07 00:33:10,13,58
turpis nec,"Aliquam non mauris. Morbi non lectus. Aliquam sit amet diam in magna bibendum imperdiet. Nullam orci pede, venenatis non, sodales sed, tincidunt eu, felis.",14523,2021-02-05 10:03:40,2020-10-16 16:08:25,11,78
vivamus tortor,"Donec quis orci eget orci vehicula condimentum. Curabitur in libero ut massa volutpat convallis. Morbi odio odio, elementum eu, interdum eu, tincidunt in, leo. Maecenas pulvinar lobortis est. Phasellus sit amet erat.",1894,2021-01-11 23:50:21,2020-10-13 02:09:36,4,83
eu,Nulla facilisi.,11829,2020-12-28 18:25:38,2020-06-11 20:53:42,10,99
vivamus tortor duis,In congue. Etiam justo. Etiam pretium iaculis justo. In hac habitasse platea dictumst. Etiam faucibus cursus urna.,2787,2020-10-16 08:00:42,2020-06-10 03:29:13,1,74
eget elit sodales,"Morbi sem mauris, laoreet ut, rhoncus aliquet, pulvinar sed, nisl. Nunc rhoncus dui vel sem. Sed sagittis. Nam congue, risus semper porta volutpat, quam pede lobortis ligula, sit amet eleifend pede libero quis orci.",9176,2020-08-21 03:08:45,2020-08-25 06:59:53,14,59
ut nunc vestibulum,Pellentesque eget nunc. Donec quis orci eget orci vehicula condimentum. Curabitur in libero ut massa volutpat convallis.,4889,2020-07-11 12:00:58,2020-12-17 16:04:16,2,74
interdum mauris,Nulla nisl. Nunc nisl.,14894,2020-12-30 04:07:48,2020-07-25 01:29:38,4,60
ultricies eu nibh,Etiam vel augue. Vestibulum rutrum rutrum neque. Aenean auctor gravida sem.,2871,2020-06-27 21:09:21,2021-04-03 00:45:19,9,50
lacus at turpis,Vestibulum ante ipsum primis in faucibus orci luctus et ultrices posuere cubilia Curae; Duis faucibus accumsan odio. Curabitur convallis. Duis consequat dui nec nisi volutpat eleifend.,3246,2020-07-15 19:05:01,2020-12-24 23:16:39,8,43
porttitor lorem,Nunc nisl.,5481,2021-01-31 20:34:07,2020-05-18 01:07:28,8,47
mauris sit,Duis at velit eu est congue elementum. In hac habitasse platea dictumst.,10735,2021-03-14 19:32:16,2020-08-04 18:32:25,5,21
a odio in,Nullam varius.,2491,2020-09-06 05:24:42,2020-10-11 23:23:04,15,63
eget semper rutrum,Suspendisse potenti. Cras in purus eu magna vulputate luctus.,3786,2020-06-11 06:09:40,2020-12-06 11:34:34,2,67
blandit,"Morbi vel lectus in quam fringilla rhoncus. Mauris enim leo, rhoncus sed, vestibulum sit amet, cursus id, turpis.",3903,2020-06-17 16:50:40,2021-01-04 14:56:04,5,88
eu interdum eu,Pellentesque viverra pede ac diam. Cras pellentesque volutpat dui.,3150,2020-08-13 11:48:09,2020-12-13 22:14:54,9,62
justo lacinia eget,"Mauris enim leo, rhoncus sed, vestibulum sit amet, cursus id, turpis. Integer aliquet, massa id lobortis convallis, tortor risus dapibus augue, vel accumsan tellus nisi eu orci. Mauris lacinia sapien quis libero. Nullam sit amet turpis elementum ligula vehicula consequat. Morbi a ipsum.",6078,2020-12-29 07:50:40,2020-05-11 19:34:32,14,27
volutpat convallis morbi,"Cras mi pede, malesuada in, imperdiet et, commodo vulputate, justo. In blandit ultrices enim. Lorem ipsum dolor sit amet, consectetuer adipiscing elit. Proin interdum mauris non ligula pellentesque ultrices.",3488,2020-12-05 07:55:37,2021-02-18 17:30:53,13,94
nec,Nulla justo.,8173,2020-05-19 16:07:53,2021-03-20 18:31:24,8,66
in,Mauris lacinia sapien quis libero. Nullam sit amet turpis elementum ligula vehicula consequat. Morbi a ipsum. Integer a nibh.,9196,2020-12-12 19:36:43,2020-06-01 09:15:21,12,62
eget,Pellentesque eget nunc.,11540,2020-09-03 16:51:20,2021-02-14 03:31:10,4,40
scelerisque mauris sit,"Proin eu mi. Nulla ac enim. In tempor, turpis nec euismod scelerisque, quam turpis adipiscing lorem, vitae mattis nibh ligula nec sem. Duis aliquam convallis nunc.",9743,2021-01-26 01:11:14,2021-03-09 00:43:48,15,97
dapibus,"Maecenas leo odio, condimentum id, luctus nec, molestie sed, justo. Pellentesque viverra pede ac diam.",9792,2020-07-01 20:45:38,2021-02-01 12:35:04,14,60
mauris,"Praesent lectus. Vestibulum quam sapien, varius ut, blandit non, interdum in, ante. Vestibulum ante ipsum primis in faucibus orci luctus et ultrices posuere cubilia Curae; Duis faucibus accumsan odio.",3904,2021-04-03 06:54:33,2021-04-13 05:42:59,8,48
erat,"Integer pede justo, lacinia eget, tincidunt eget, tempus vel, pede. Morbi porttitor lorem id ligula. Suspendisse ornare consequat lectus. In est risus, auctor sed, tristique in, tempus sit amet, sem. Fusce consequat.",13177,2020-12-04 22:01:47,2021-02-26 18:49:33,13,38
lacinia,"Morbi quis tortor id nulla ultrices aliquet. Maecenas leo odio, condimentum id, luctus nec, molestie sed, justo. Pellentesque viverra pede ac diam.",11629,2020-09-17 02:54:54,2021-03-03 09:32:56,10,12
sem,"Nunc purus. Phasellus in felis. Donec semper sapien a libero. Nam dui. Proin leo odio, porttitor id, consequat in, consequat ut, nulla.",1644,2021-01-05 07:04:03,2020-09-20 03:01:15,11,98
maecenas rhoncus aliquam,"Quisque ut erat. Curabitur gravida nisi at nibh. In hac habitasse platea dictumst. Aliquam augue quam, sollicitudin vitae, consectetuer eget, rutrum at, lorem. Integer tincidunt ante vel ipsum.",12954,2020-09-30 01:41:09,2020-07-24 07:34:49,7,37
integer non velit,"Nunc nisl. Duis bibendum, felis sed interdum venenatis, turpis enim blandit mi, in porttitor pede justo eu massa. Donec dapibus. Duis at velit eu est congue elementum. In hac habitasse platea dictumst.",6252,2020-06-03 10:14:17,2020-04-28 07:13:16,7,35
consequat lectus in,Aenean auctor gravida sem. Praesent id massa id nisl venenatis lacinia. Aenean sit amet justo. Morbi ut odio.,11422,2021-03-26 04:08:30,2021-02-22 11:57:40,5,51
vulputate vitae nisl,Integer a nibh.,11859,2020-06-14 10:17:16,2020-09-25 18:42:52,9,23
eu mi,"Integer ac leo. Pellentesque ultrices mattis odio. Donec vitae nisi. Nam ultrices, libero non mattis pulvinar, nulla pede ullamcorper augue, a suscipit nulla elit ac nulla.",8102,2020-11-23 08:31:20,2020-08-14 22:06:53,2,97
in,"Phasellus in felis. Donec semper sapien a libero. Nam dui. Proin leo odio, porttitor id, consequat in, consequat ut, nulla.",8543,2021-02-05 15:57:02,2020-12-11 07:05:06,11,33
ornare,"Maecenas leo odio, condimentum id, luctus nec, molestie sed, justo. Pellentesque viverra pede ac diam. Cras pellentesque volutpat dui. Maecenas tristique, est et tempus semper, est quam pharetra magna, ac consequat metus sapien ut nunc.",3467,2020-12-15 02:58:15,2020-06-04 03:16:05,5,20
volutpat,"Vivamus vestibulum sagittis sapien. Cum sociis natoque penatibus et magnis dis parturient montes, nascetur ridiculus mus. Etiam vel augue. Vestibulum rutrum rutrum neque. Aenean auctor gravida sem.",12463,2020-10-03 14:47:03,2020-10-11 21:04:25,3,37
vulputate vitae,Etiam faucibus cursus urna. Ut tellus. Nulla ut erat id mauris vulputate elementum. Nullam varius.,3035,2020-07-20 14:52:26,2020-06-22 06:42:55,15,94
elit,Morbi non lectus. Aliquam sit amet diam in magna bibendum imperdiet.,4254,2020-08-08 22:25:20,2020-08-02 01:37:47,2,64
at velit,Nullam molestie nibh in lectus. Pellentesque at nulla.,6587,2020-08-06 21:16:39,2020-09-13 10:26:43,14,37
justo,"Maecenas rhoncus aliquam lacus. Morbi quis tortor id nulla ultrices aliquet. Maecenas leo odio, condimentum id, luctus nec, molestie sed, justo.",8261,2020-07-25 18:42:22,2020-06-18 03:26:08,13,67
nascetur,"Vivamus vestibulum sagittis sapien. Cum sociis natoque penatibus et magnis dis parturient montes, nascetur ridiculus mus. Etiam vel augue. Vestibulum rutrum rutrum neque.",5300,2020-09-14 20:54:39,2021-03-07 10:37:33,15,77
consequat in,"Morbi quis tortor id nulla ultrices aliquet. Maecenas leo odio, condimentum id, luctus nec, molestie sed, justo. Pellentesque viverra pede ac diam. Cras pellentesque volutpat dui.",4976,2021-01-07 10:53:55,2020-04-24 01:16:20,9,11
ac,Praesent blandit.,7662,2020-12-17 17:40:30,2021-03-21 17:59:53,5,81
vestibulum,Aliquam quis turpis eget elit sodales scelerisque.,7654,2020-05-05 01:15:54,2021-02-23 17:05:54,4,81
ipsum primis,"Suspendisse ornare consequat lectus. In est risus, auctor sed, tristique in, tempus sit amet, sem. Fusce consequat. Nulla nisl.",5799,2020-11-07 02:02:05,2020-10-26 02:11:41,2,57
nec molestie,Mauris sit amet eros. Suspendisse accumsan tortor quis turpis. Sed ante.,10215,2020-11-15 04:19:27,2021-04-17 21:44:20,8,68
lectus pellentesque,"Duis at velit eu est congue elementum. In hac habitasse platea dictumst. Morbi vestibulum, velit id pretium iaculis, diam erat fermentum justo, nec condimentum neque sapien placerat ante.",9616,2021-04-17 21:05:10,2021-03-05 03:53:50,14,98
at,"Nam nulla. Integer pede justo, lacinia eget, tincidunt eget, tempus vel, pede. Morbi porttitor lorem id ligula.",10419,2021-03-06 06:10:56,2021-04-01 10:27:14,13,69
velit,"Morbi vestibulum, velit id pretium iaculis, diam erat fermentum justo, nec condimentum neque sapien placerat ante. Nulla justo. Aliquam quis turpis eget elit sodales scelerisque. Mauris sit amet eros. Suspendisse accumsan tortor quis turpis.",13144,2021-04-06 13:02:12,2020-09-05 15:33:44,5,15
consequat,"In tempor, turpis nec euismod scelerisque, quam turpis adipiscing lorem, vitae mattis nibh ligula nec sem. Duis aliquam convallis nunc. Proin at turpis a pede posuere nonummy.",14555,2020-10-27 03:32:24,2020-05-17 06:58:10,11,97
in ante vestibulum,"Nam dui. Proin leo odio, porttitor id, consequat in, consequat ut, nulla. Sed accumsan felis.",7019,2021-02-16 00:43:51,2020-10-23 22:14:10,7,3
arcu,Nunc purus. Phasellus in felis. Donec semper sapien a libero.,13222,2021-03-18 05:57:39,2021-04-03 04:59:37,5,64
sollicitudin vitae,In quis justo. Maecenas rhoncus aliquam lacus. Morbi quis tortor id nulla ultrices aliquet.,2817,2021-01-24 06:21:13,2020-12-28 23:49:40,9,33
mattis egestas metus,"In tempor, turpis nec euismod scelerisque, quam turpis adipiscing lorem, vitae mattis nibh ligula nec sem. Duis aliquam convallis nunc.",9762,2020-09-24 03:47:31,2021-02-11 17:38:11,3,36
rhoncus,"Praesent lectus. Vestibulum quam sapien, varius ut, blandit non, interdum in, ante.",9666,2021-04-21 19:11:30,2020-09-01 03:30:20,5,84
condimentum id,Integer ac neque.,10629,2020-08-26 00:52:30,2020-12-12 15:16:29,9,60
tristique fusce,"Donec ut dolor. Morbi vel lectus in quam fringilla rhoncus. Mauris enim leo, rhoncus sed, vestibulum sit amet, cursus id, turpis. Integer aliquet, massa id lobortis convallis, tortor risus dapibus augue, vel accumsan tellus nisi eu orci. Mauris lacinia sapien quis libero.",2903,2021-01-29 15:35:39,2021-04-10 07:08:19,12,25
consequat metus sapien,"Maecenas rhoncus aliquam lacus. Morbi quis tortor id nulla ultrices aliquet. Maecenas leo odio, condimentum id, luctus nec, molestie sed, justo.",11446,2020-08-18 17:11:05,2020-07-28 14:37:31,12,60
sapien urna pretium,"Nullam molestie nibh in lectus. Pellentesque at nulla. Suspendisse potenti. Cras in purus eu magna vulputate luctus. Cum sociis natoque penatibus et magnis dis parturient montes, nascetur ridiculus mus.",6204,2020-08-31 12:58:34,2020-11-07 12:02:06,1,51
suspendisse ornare consequat,Donec posuere metus vitae ipsum. Aliquam non mauris.,2893,2020-08-17 10:08:00,2020-08-05 16:49:54,6,65
nunc,Morbi non lectus. Aliquam sit amet diam in magna bibendum imperdiet.,2673,2020-06-16 04:03:18,2021-04-20 20:02:27,1,10
lacus,"Proin leo odio, porttitor id, consequat in, consequat ut, nulla. Sed accumsan felis. Ut at dolor quis odio consequat varius. Integer ac leo. Pellentesque ultrices mattis odio.",7234,2020-10-12 08:55:43,2021-01-29 08:37:35,7,96
sit amet sem,Integer ac leo. Pellentesque ultrices mattis odio. Donec vitae nisi.,4714,2020-10-23 02:44:48,2021-04-21 11:23:46,11,87
pellentesque ultrices phasellus,In congue.,12679,2020-12-25 22:10:42,2020-07-29 15:17:55,13,60
ante ipsum primis,"Sed sagittis. Nam congue, risus semper porta volutpat, quam pede lobortis ligula, sit amet eleifend pede libero quis orci. Nullam molestie nibh in lectus.",12928,2021-02-15 19:10:23,2021-03-11 04:18:54,10,33
donec,"Proin eu mi. Nulla ac enim. In tempor, turpis nec euismod scelerisque, quam turpis adipiscing lorem, vitae mattis nibh ligula nec sem. Duis aliquam convallis nunc.",4068,2020-07-31 15:55:02,2020-05-14 17:44:56,9,49
tortor eu pede,"Fusce posuere felis sed lacus. Morbi sem mauris, laoreet ut, rhoncus aliquet, pulvinar sed, nisl.",14008,2020-09-30 12:39:56,2020-07-06 00:02:50,1,100
nascetur ridiculus mus,Mauris sit amet eros.,6232,2020-07-29 08:05:02,2020-07-07 05:29:52,14,79
venenatis,"Sed vel enim sit amet nunc viverra dapibus. Nulla suscipit ligula in lacus. Curabitur at ipsum ac tellus semper interdum. Mauris ullamcorper purus sit amet nulla. Quisque arcu libero, rutrum ac, lobortis vel, dapibus at, diam.",1728,2020-11-26 05:25:42,2020-10-18 04:23:50,12,41
nullam porttitor lacus,"Nunc rhoncus dui vel sem. Sed sagittis. Nam congue, risus semper porta volutpat, quam pede lobortis ligula, sit amet eleifend pede libero quis orci. Nullam molestie nibh in lectus.",10685,2020-09-09 18:39:14,2020-06-01 04:06:43,5,37
nunc rhoncus dui,In hac habitasse platea dictumst. Maecenas ut massa quis augue luctus tincidunt.,1945,2020-07-02 21:24:04,2020-09-26 05:06:46,12,25
luctus tincidunt nulla,"Phasellus in felis. Donec semper sapien a libero. Nam dui. Proin leo odio, porttitor id, consequat in, consequat ut, nulla. Sed accumsan felis.",2616,2020-11-25 11:37:29,2020-05-30 08:17:48,13,31
luctus,"Duis aliquam convallis nunc. Proin at turpis a pede posuere nonummy. Integer non velit. Donec diam neque, vestibulum eget, vulputate ut, ultrices vel, augue.",9228,2020-09-26 01:06:13,2020-05-14 22:29:30,4,41
ut suscipit,Etiam pretium iaculis justo. In hac habitasse platea dictumst. Etiam faucibus cursus urna.,6516,2020-11-24 20:37:41,2021-04-06 00:23:27,13,62
eu felis,Nam tristique tortor eu pede.,14491,2020-08-27 22:18:24,2021-04-09 10:52:03,7,90
lacus,"In tempor, turpis nec euismod scelerisque, quam turpis adipiscing lorem, vitae mattis nibh ligula nec sem. Duis aliquam convallis nunc. Proin at turpis a pede posuere nonummy. Integer non velit. Donec diam neque, vestibulum eget, vulputate ut, ultrices vel, augue.",14854,2020-05-09 10:16:10,2020-05-30 00:12:28,7,21
vel ipsum praesent,"Suspendisse potenti. Cras in purus eu magna vulputate luctus. Cum sociis natoque penatibus et magnis dis parturient montes, nascetur ridiculus mus. Vivamus vestibulum sagittis sapien. Cum sociis natoque penatibus et magnis dis parturient montes, nascetur ridiculus mus.",12118,2020-10-06 09:58:58,2020-07-13 07:14:00,8,60
diam erat,Duis aliquam convallis nunc. Proin at turpis a pede posuere nonummy.,13072,2020-06-03 10:41:58,2020-04-23 01:20:43,11,4
sit,Nullam porttitor lacus at turpis. Donec posuere metus vitae ipsum. Aliquam non mauris.,10349,2020-06-13 22:23:44,2020-10-17 12:08:31,4,39
amet nunc viverra,"Vestibulum sed magna at nunc commodo placerat. Praesent blandit. Nam nulla. Integer pede justo, lacinia eget, tincidunt eget, tempus vel, pede.",3090,2020-08-30 09:56:30,2020-08-12 15:50:24,1,65
pede,"Donec semper sapien a libero. Nam dui. Proin leo odio, porttitor id, consequat in, consequat ut, nulla. Sed accumsan felis. Ut at dolor quis odio consequat varius.",10295,2020-05-23 16:16:35,2020-09-28 00:24:53,9,12
elit,"Mauris ullamcorper purus sit amet nulla. Quisque arcu libero, rutrum ac, lobortis vel, dapibus at, diam. Nam tristique tortor eu pede.",13359,2021-01-03 14:37:37,2020-04-22 23:39:53,3,59
at velit,Etiam pretium iaculis justo. In hac habitasse platea dictumst. Etiam faucibus cursus urna. Ut tellus. Nulla ut erat id mauris vulputate elementum.,12660,2021-02-18 05:06:40,2020-05-03 05:51:40,6,65
volutpat in,Etiam vel augue. Vestibulum rutrum rutrum neque.,12548,2020-12-28 11:23:37,2021-04-20 02:36:42,1,5
lorem,"Cras in purus eu magna vulputate luctus. Cum sociis natoque penatibus et magnis dis parturient montes, nascetur ridiculus mus. Vivamus vestibulum sagittis sapien. Cum sociis natoque penatibus et magnis dis parturient montes, nascetur ridiculus mus.",11467,2020-08-16 23:58:21,2020-05-24 19:46:10,2,10
vitae quam suspendisse,Vestibulum rutrum rutrum neque. Aenean auctor gravida sem.,14490,2020-08-29 23:14:50,2020-08-30 10:07:39,6,50
lectus pellentesque eget,"In hac habitasse platea dictumst. Aliquam augue quam, sollicitudin vitae, consectetuer eget, rutrum at, lorem. Integer tincidunt ante vel ipsum.",3968,2021-03-19 21:39:00,2020-09-15 14:46:19,8,52
magna at,Aliquam quis turpis eget elit sodales scelerisque.,5567,2020-08-17 09:44:11,2020-09-03 20:35:27,4,15
eu mi,"Morbi odio odio, elementum eu, interdum eu, tincidunt in, leo. Maecenas pulvinar lobortis est. Phasellus sit amet erat. Nulla tempus.",9543,2020-09-17 05:22:28,2020-10-03 13:12:13,8,65
sagittis,"In quis justo. Maecenas rhoncus aliquam lacus. Morbi quis tortor id nulla ultrices aliquet. Maecenas leo odio, condimentum id, luctus nec, molestie sed, justo.",13432,2021-01-28 02:10:07,2020-12-09 03:02:40,8,93
vivamus,Pellentesque eget nunc.,11673,2020-12-01 02:53:13,2021-01-25 19:20:48,5,10
viverra dapibus nulla,"Morbi porttitor lorem id ligula. Suspendisse ornare consequat lectus. In est risus, auctor sed, tristique in, tempus sit amet, sem. Fusce consequat. Nulla nisl.",6653,2020-06-25 00:01:06,2020-11-28 13:32:24,6,92
mauris,"In sagittis dui vel nisl. Duis ac nibh. Fusce lacus purus, aliquet at, feugiat non, pretium quis, lectus.",11624,2021-04-16 16:49:23,2020-07-13 12:40:44,15,48
lorem integer tincidunt,"Nulla neque libero, convallis eget, eleifend luctus, ultricies eu, nibh.",13234,2021-03-30 15:45:21,2021-03-19 04:58:25,8,14
dictumst aliquam augue,"Praesent lectus. Vestibulum quam sapien, varius ut, blandit non, interdum in, ante. Vestibulum ante ipsum primis in faucibus orci luctus et ultrices posuere cubilia Curae; Duis faucibus accumsan odio.",14501,2020-07-20 20:43:56,2020-05-07 14:26:28,14,98
luctus,"Cum sociis natoque penatibus et magnis dis parturient montes, nascetur ridiculus mus. Vivamus vestibulum sagittis sapien. Cum sociis natoque penatibus et magnis dis parturient montes, nascetur ridiculus mus.",12596,2020-12-16 21:04:30,2020-10-19 17:03:34,1,57
nulla ac enim,"Integer pede justo, lacinia eget, tincidunt eget, tempus vel, pede. Morbi porttitor lorem id ligula. Suspendisse ornare consequat lectus.",14847,2021-04-17 20:31:38,2020-10-11 18:19:57,5,15
nam,"Sed sagittis. Nam congue, risus semper porta volutpat, quam pede lobortis ligula, sit amet eleifend pede libero quis orci. Nullam molestie nibh in lectus.",5331,2020-09-06 17:44:17,2020-09-30 07:56:48,12,2
gravida,Integer ac leo. Pellentesque ultrices mattis odio. Donec vitae nisi.,11113,2020-05-09 11:43:42,2020-09-18 10:30:53,15,72
at,Duis mattis egestas metus. Aenean fermentum.,14645,2021-04-13 00:37:43,2020-10-19 05:32:07,9,52
vulputate,"Duis mattis egestas metus. Aenean fermentum. Donec ut mauris eget massa tempor convallis. Nulla neque libero, convallis eget, eleifend luctus, ultricies eu, nibh. Quisque id justo sit amet sapien dignissim vestibulum.",5861,2020-09-24 23:07:37,2020-10-05 07:40:04,14,36
cursus vestibulum proin,"Proin leo odio, porttitor id, consequat in, consequat ut, nulla. Sed accumsan felis. Ut at dolor quis odio consequat varius. Integer ac leo.",13182,2020-08-29 14:08:14,2021-02-14 16:44:00,3,79
aliquam sit,Nulla facilisi. Cras non velit nec nisi vulputate nonummy. Maecenas tincidunt lacus at velit.,14896,2020-10-09 06:22:09,2021-01-07 20:28:28,2,26
tellus nulla ut,Nullam porttitor lacus at turpis. Donec posuere metus vitae ipsum. Aliquam non mauris. Morbi non lectus.,2875,2020-11-17 20:49:47,2021-01-01 17:55:00,12,24
risus,"Quisque erat eros, viverra eget, congue eget, semper rutrum, nulla. Nunc purus. Phasellus in felis. Donec semper sapien a libero.",8672,2021-01-12 17:51:22,2020-04-22 02:24:18,13,23
ultrices posuere cubilia,Pellentesque viverra pede ac diam.,10270,2021-01-06 19:27:42,2020-05-12 05:11:03,3,18
dolor quis,"Cras mi pede, malesuada in, imperdiet et, commodo vulputate, justo. In blandit ultrices enim. Lorem ipsum dolor sit amet, consectetuer adipiscing elit. Proin interdum mauris non ligula pellentesque ultrices.",7095,2020-11-09 03:57:17,2021-04-04 17:56:35,6,76
dui nec,"Nulla neque libero, convallis eget, eleifend luctus, ultricies eu, nibh.",10258,2020-07-18 19:23:44,2020-09-30 09:41:51,11,92
scelerisque mauris,Aliquam non mauris. Morbi non lectus. Aliquam sit amet diam in magna bibendum imperdiet.,6642,2021-01-28 05:23:17,2021-03-10 10:07:19,11,53
ac tellus,"Curabitur at ipsum ac tellus semper interdum. Mauris ullamcorper purus sit amet nulla. Quisque arcu libero, rutrum ac, lobortis vel, dapibus at, diam. Nam tristique tortor eu pede.",8967,2020-11-29 04:21:32,2021-04-07 09:52:15,5,22
vitae,Praesent blandit.,10528,2020-09-07 16:26:42,2021-01-29 17:22:34,12,42
aliquam convallis nunc,Nunc rhoncus dui vel sem. Sed sagittis.,2854,2020-12-13 20:44:47,2020-07-12 18:53:02,13,73
eu,Etiam faucibus cursus urna. Ut tellus. Nulla ut erat id mauris vulputate elementum. Nullam varius.,2427,2020-06-12 14:22:51,2021-02-14 14:25:13,3,54
cras,Duis bibendum. Morbi non quam nec dui luctus rutrum. Nulla tellus. In sagittis dui vel nisl.,3287,2020-11-26 01:52:11,2020-08-23 02:58:42,12,45
justo in,"Duis bibendum, felis sed interdum venenatis, turpis enim blandit mi, in porttitor pede justo eu massa.",4329,2020-05-30 10:05:11,2021-02-15 20:36:55,12,65
sed accumsan,In hac habitasse platea dictumst.,10637,2020-07-20 12:51:56,2020-08-16 15:05:40,1,86
amet,"Fusce lacus purus, aliquet at, feugiat non, pretium quis, lectus. Suspendisse potenti. In eleifend quam a odio.",4539,2020-10-16 00:28:39,2020-09-25 19:34:40,13,11
risus dapibus augue,Vivamus tortor.,9875,2020-07-21 01:33:01,2020-08-31 13:27:13,11,13
eget tempus,Duis aliquam convallis nunc. Proin at turpis a pede posuere nonummy.,10678,2020-05-20 04:10:46,2020-10-27 04:53:57,8,50
felis fusce,Nullam varius.,2933,2020-08-15 12:39:32,2021-04-19 16:29:03,5,3
nam,"Cum sociis natoque penatibus et magnis dis parturient montes, nascetur ridiculus mus. Vivamus vestibulum sagittis sapien. Cum sociis natoque penatibus et magnis dis parturient montes, nascetur ridiculus mus. Etiam vel augue.",12546,2021-02-16 16:26:24,2021-03-08 07:14:14,9,38
fermentum donec,"Morbi vestibulum, velit id pretium iaculis, diam erat fermentum justo, nec condimentum neque sapien placerat ante. Nulla justo. Aliquam quis turpis eget elit sodales scelerisque. Mauris sit amet eros. Suspendisse accumsan tortor quis turpis.",5793,2020-04-28 08:20:13,2021-01-01 21:24:07,5,59
platea dictumst,Vestibulum ante ipsum primis in faucibus orci luctus et ultrices posuere cubilia Curae; Mauris viverra diam vitae quam. Suspendisse potenti.,3889,2020-08-06 15:02:21,2021-02-23 21:15:45,11,98
enim leo rhoncus,"Morbi sem mauris, laoreet ut, rhoncus aliquet, pulvinar sed, nisl. Nunc rhoncus dui vel sem.",1772,2020-08-18 06:10:58,2021-02-26 09:55:24,15,18
ultrices posuere cubilia,"Aliquam sit amet diam in magna bibendum imperdiet. Nullam orci pede, venenatis non, sodales sed, tincidunt eu, felis. Fusce posuere felis sed lacus. Morbi sem mauris, laoreet ut, rhoncus aliquet, pulvinar sed, nisl.",9292,2020-06-20 00:40:26,2021-01-29 08:28:47,9,9
sed tincidunt eu,"Duis consequat dui nec nisi volutpat eleifend. Donec ut dolor. Morbi vel lectus in quam fringilla rhoncus. Mauris enim leo, rhoncus sed, vestibulum sit amet, cursus id, turpis.",6356,2021-04-20 18:03:26,2020-04-23 23:33:46,1,94
quis tortor id,"Praesent blandit. Nam nulla. Integer pede justo, lacinia eget, tincidunt eget, tempus vel, pede. Morbi porttitor lorem id ligula. Suspendisse ornare consequat lectus.",1640,2021-04-13 21:07:09,2020-12-12 17:18:17,8,84
nulla,Suspendisse potenti.,9710,2020-11-15 12:37:15,2020-09-02 19:34:04,6,88
in,"Donec posuere metus vitae ipsum. Aliquam non mauris. Morbi non lectus. Aliquam sit amet diam in magna bibendum imperdiet. Nullam orci pede, venenatis non, sodales sed, tincidunt eu, felis.",7889,2021-01-01 09:04:24,2020-07-08 11:54:19,12,67
congue vivamus metus,"Morbi sem mauris, laoreet ut, rhoncus aliquet, pulvinar sed, nisl. Nunc rhoncus dui vel sem.",5328,2020-08-14 04:51:58,2021-03-23 15:46:34,7,64
luctus,Nullam molestie nibh in lectus. Pellentesque at nulla. Suspendisse potenti. Cras in purus eu magna vulputate luctus.,8278,2020-07-21 22:23:09,2020-05-11 17:32:56,8,64
id,"Vivamus vestibulum sagittis sapien. Cum sociis natoque penatibus et magnis dis parturient montes, nascetur ridiculus mus. Etiam vel augue. Vestibulum rutrum rutrum neque.",6349,2020-09-20 17:04:45,2021-03-04 10:25:14,6,95
tincidunt nulla mollis,Donec quis orci eget orci vehicula condimentum. Curabitur in libero ut massa volutpat convallis.,9070,2020-06-03 21:33:14,2020-11-26 14:10:35,1,58
velit,Maecenas tincidunt lacus at velit.,2367,2020-06-15 01:24:04,2020-09-10 06:52:51,15,99
non mattis,Integer ac leo.,2171,2020-09-06 10:12:19,2020-06-06 00:52:44,14,23
gravida nisi,Nulla facilisi. Cras non velit nec nisi vulputate nonummy. Maecenas tincidunt lacus at velit. Vivamus vel nulla eget eros elementum pellentesque.,14971,2020-08-02 00:40:32,2021-01-20 12:31:46,7,64
augue a suscipit,In eleifend quam a odio. In hac habitasse platea dictumst.,10589,2020-08-31 02:26:35,2020-07-20 13:14:12,15,21
sed tincidunt,"Fusce posuere felis sed lacus. Morbi sem mauris, laoreet ut, rhoncus aliquet, pulvinar sed, nisl.",11787,2020-05-15 14:18:05,2020-06-25 05:48:01,6,45
ante,"Aliquam non mauris. Morbi non lectus. Aliquam sit amet diam in magna bibendum imperdiet. Nullam orci pede, venenatis non, sodales sed, tincidunt eu, felis.",11977,2020-07-09 22:06:48,2020-08-24 09:52:19,11,63
viverra pede ac,In congue.,6067,2021-04-10 08:03:57,2020-04-22 16:51:03,5,75
cras,"Nunc rhoncus dui vel sem. Sed sagittis. Nam congue, risus semper porta volutpat, quam pede lobortis ligula, sit amet eleifend pede libero quis orci. Nullam molestie nibh in lectus. Pellentesque at nulla.",2117,2020-12-02 00:41:07,2020-11-28 05:42:57,4,69
eros,"Proin at turpis a pede posuere nonummy. Integer non velit. Donec diam neque, vestibulum eget, vulputate ut, ultrices vel, augue. Vestibulum ante ipsum primis in faucibus orci luctus et ultrices posuere cubilia Curae; Donec pharetra, magna vestibulum aliquet ultrices, erat tortor sollicitudin mi, sit amet lobortis sapien sapien non mi. Integer ac neque.",4467,2020-05-06 00:14:31,2020-08-03 18:20:50,6,19
in,"Cras pellentesque volutpat dui. Maecenas tristique, est et tempus semper, est quam pharetra magna, ac consequat metus sapien ut nunc.",2211,2021-01-07 23:31:53,2021-02-16 18:12:41,4,30
nullam porttitor,Vestibulum ante ipsum primis in faucibus orci luctus et ultrices posuere cubilia Curae; Duis faucibus accumsan odio. Curabitur convallis. Duis consequat dui nec nisi volutpat eleifend.,11733,2021-02-03 04:36:32,2020-05-02 22:24:52,11,9
nunc commodo,Praesent id massa id nisl venenatis lacinia.,6281,2021-01-20 01:39:04,2020-07-15 10:37:28,2,66
ultrices phasellus,"Vestibulum ante ipsum primis in faucibus orci luctus et ultrices posuere cubilia Curae; Donec pharetra, magna vestibulum aliquet ultrices, erat tortor sollicitudin mi, sit amet lobortis sapien sapien non mi. Integer ac neque.",6266,2021-03-14 03:59:31,2020-11-14 12:51:33,12,94
mollis molestie lorem,Praesent id massa id nisl venenatis lacinia.,9399,2021-04-04 06:30:53,2021-02-09 10:21:00,9,90
rhoncus sed vestibulum,"Vestibulum ante ipsum primis in faucibus orci luctus et ultrices posuere cubilia Curae; Donec pharetra, magna vestibulum aliquet ultrices, erat tortor sollicitudin mi, sit amet lobortis sapien sapien non mi. Integer ac neque. Duis bibendum. Morbi non quam nec dui luctus rutrum.",7190,2021-03-10 11:40:44,2020-05-12 23:58:20,9,66
tempus sit amet,"Cum sociis natoque penatibus et magnis dis parturient montes, nascetur ridiculus mus. Vivamus vestibulum sagittis sapien. Cum sociis natoque penatibus et magnis dis parturient montes, nascetur ridiculus mus. Etiam vel augue. Vestibulum rutrum rutrum neque.",13653,2020-06-18 17:00:09,2020-05-11 17:20:19,2,46
varius integer,Etiam faucibus cursus urna. Ut tellus.,3696,2021-02-06 23:08:50,2020-10-15 05:44:09,3,72
aliquam sit amet,Integer tincidunt ante vel ipsum.,14357,2020-07-25 04:56:40,2020-12-07 15:36:42,15,27
at,"Donec quis orci eget orci vehicula condimentum. Curabitur in libero ut massa volutpat convallis. Morbi odio odio, elementum eu, interdum eu, tincidunt in, leo. Maecenas pulvinar lobortis est.",9469,2020-12-18 17:23:49,2021-01-15 22:38:12,4,2
duis,In eleifend quam a odio. In hac habitasse platea dictumst. Maecenas ut massa quis augue luctus tincidunt. Nulla mollis molestie lorem.,6617,2021-04-14 16:14:30,2021-04-07 10:21:33,10,62
mauris lacinia,"Praesent blandit. Nam nulla. Integer pede justo, lacinia eget, tincidunt eget, tempus vel, pede. Morbi porttitor lorem id ligula. Suspendisse ornare consequat lectus.",12401,2020-12-24 16:21:36,2021-02-11 23:31:39,1,86
